Configuration,PSNR_Gain,SSIM_Gain
Full MAIR+ v2,3.6209278452673015,0.19494198079935768
- Quality Gate,3.6209278452673015,0.19494198079935768
- Re-detection,3.6209278452673015,0.19494198079935768
- CaseStore Memory,3.5314240736601428,0.19201937048088244
- DCP Expert,3.6209278452673015,0.19494198079935768
- Wiener Expert,3.6209278452673015,0.19494198079935768
Detector Only (no routing),0.0,0.0
