Subset,Images,Task,PSNR_Gain,Avg_Time
RESIDE_Indoor,500,Dehazing,4.684161978641076,0.45697996044158934
RESIDE_Outdoor,500,Dehazing,-0.7108228150239102,0.6314629731178284
