file,primary,confidence,baseline_ssim,baseline_psnr,baseline_lpips,restored_ssim,restored_psnr,restored_lpips,ssim_gain,psnr_gain,lpips_gain,rollbacks,time_s,invocations
baby.png,blur,0.756,0.7999,12.53,0.1663333624601364,0.7503,12.65,0.2236407995223999,-0.0496,0.12,-0.0573,0,3.29,2
babyx2.png,sr,0.75,0.7893,12.54,0.1255626082420349,0.6714,16.28,0.2485773265361786,-0.1179,3.74,-0.123,0,0.51,3
bird.png,sr,0.75,0.6443,9.55,0.2181532233953476,0.586,9.62,0.2788606584072113,-0.0583,0.07,-0.0607,0,0.65,2
