file,primary,confidence,baseline_ssim,baseline_psnr,baseline_lpips,restored_ssim,restored_psnr,restored_lpips,ssim_gain,psnr_gain,lpips_gain,rollbacks,time_s,invocations
baby.png,blur,0.958,0.6692,23.71,0.45622384548187256,0.9025,32.51,0.19977906346321106,0.2333,8.8,0.2564,0,2.88,2
babyx2.png,blur,0.935,0.5924,20.77,0.4306580424308777,0.8857,30.64,0.12223370373249054,0.2933,9.87,0.3084,0,0.5,2
bird.png,blur,0.97,0.5471,21.24,0.4768442213535309,0.8888,29.52,0.16019898653030396,0.3417,8.28,0.3166,0,0.57,2
