file,primary,confidence,baseline_ssim,baseline_psnr,baseline_lpips,restored_ssim,restored_psnr,restored_lpips,ssim_gain,psnr_gain,lpips_gain,rollbacks,time_s,invocations
baby.png,rain,0.873,0.4785,25.14,0.49493101239204407,0.7539,27.32,0.30672013759613037,0.2754,2.18,0.1882,0,2.02,4
babyx2.png,rain,0.883,0.5478,24.79,0.3413437008857727,0.7062,24.83,0.2554444372653961,0.1584,0.04,0.0859,0,11.21,2
bird.png,rain,0.955,0.5588,25.05,0.4772348999977112,0.6988,24.99,0.27958381175994873,0.14,-0.06,0.1977,0,0.76,3
