file,primary,confidence,baseline_ssim,baseline_psnr,baseline_lpips,restored_ssim,restored_psnr,restored_lpips,ssim_gain,psnr_gain,lpips_gain,rollbacks,time_s,invocations
TLH_2_001_0019.png,haze,0.427,0.6378,10.33,0.3862941265106201,0.3775,10.31,0.7512422204017639,-0.2603,-0.02,-0.3649,0,0.24,2
TLH_2_001_0023.png,haze,0.571,0.5109,7.39,0.6297211647033691,0.3174,7.41,0.936689019203186,-0.1935,0.02,-0.307,0,0.28,2
TLH_2_001_0026.png,haze,0.516,0.5582,9.53,0.5982176065444946,0.3767,9.54,0.8983489274978638,-0.1815,0.01,-0.3001,0,0.25,2
