file,primary,confidence,baseline_ssim,baseline_psnr,baseline_lpips,restored_ssim,restored_psnr,restored_lpips,ssim_gain,psnr_gain,lpips_gain,rollbacks,time_s,invocations
baby.png,blur,0.756,0.7999,12.53,0.1663333624601364,0.7503,12.65,0.2236407995223999,-0.0496,0.12,-0.0573,0,2.61,2
bird.png,sr,0.75,0.6443,9.55,0.2181532233953476,0.586,9.62,0.2788606584072113,-0.0583,0.07,-0.0607,0,0.64,2
butterfly.png,sr,0.75,0.816,13.31,0.10339391231536865,0.5226,12.11,0.3418423533439636,-0.2934,-1.2,-0.2384,0,11.28,3
